FileName,Hiders,Seekers,Cells,Obstacles,Lying Probability,Max Rounds
../res/worlds/world2.txt,1,2,49,9,0.15006098207148066,26
../res/worlds/world1.txt,1,1,49,0,0.565786660347302,43
../res/worlds/large.txt,4,2,160,79,0.3016583960397391,19
../res/worlds/large2.txt,6,2,160,66,0.4236095889617255,37
../res/worlds/world1.txt,1,1,49,0,0.3225548731610931,28
../res/worlds/world1.txt,1,1,49,0,0.8666995956793855,26
../res/worlds/large2.txt,6,2,160,66,0.6589867873673898,25
../res/worlds/world.txt,2,2,49,8,0.25377114331585393,32
../res/worlds/world1.txt,1,1,49,0,0.9466670425794039,50
../res/worlds/large.txt,4,2,160,79,0.507366386284785,14
../res/worlds/large2.txt,6,2,160,66,0.3448689078774876,22
../res/worlds/world1.txt,1,1,49,0,0.837776150462463,24
../res/worlds/large.txt,4,2,160,79,0.6119483983435522,33
../res/worlds/large.txt,4,2,160,79,0.8309270985933674,33
../res/worlds/world1.txt,1,1,49,0,0.8658440093931242,23
../res/worlds/large.txt,4,2,160,79,0.37759156375516434,25
../res/worlds/world2.txt,1,2,49,9,0.5703632185311053,43
../res/worlds/world.txt,2,2,49,8,0.29419386853581586,46
../res/worlds/large2.txt,6,2,160,66,0.6842479931459077,33
../res/worlds/large.txt,4,2,160,79,0.3917636914210967,50
../res/worlds/large2.txt,6,2,160,66,0.5535089976500539,43
../res/worlds/open.txt,2,2,25,0,0.3976986541037014,20
../res/worlds/world1.txt,1,1,49,0,0.4107541388539384,44
../res/worlds/open.txt,2,2,25,0,0.36718711460066544,37
../res/worlds/open.txt,2,2,25,0,0.825388634282414,44
../res/worlds/world1.txt,1,1,49,0,0.5035506019185815,38
../res/worlds/open.txt,2,2,25,0,0.9925759216182025,38
../res/worlds/large2.txt,6,2,160,66,0.36795954963957045,44
../res/worlds/open.txt,2,2,25,0,0.5294023717519329,40
../res/worlds/large2.txt,6,2,160,66,0.7726337785717942,38
../res/worlds/world2.txt,1,2,49,9,0.6685178830799355,36
../res/worlds/large.txt,4,2,160,79,0.5005134117932242,17
../res/worlds/world2.txt,1,2,49,9,0.5206188234209644,21
../res/worlds/large2.txt,6,2,160,66,0.06762306919045324,22
../res/worlds/world2.txt,1,2,49,9,0.44636432266197434,11
../res/worlds/world.txt,2,2,49,8,0.473002626291839,20
../res/worlds/open.txt,2,2,25,0,0.9606605473235602,12
../res/worlds/large.txt,4,2,160,79,0.9082896301862514,33
../res/worlds/world1.txt,1,1,49,0,0.14503407805836843,31
../res/worlds/large.txt,4,2,160,79,0.18744325646119642,50
../res/worlds/open.txt,2,2,25,0,0.045840771898477906,36
../res/worlds/world2.txt,1,2,49,9,0.5571427990891038,22
../res/worlds/world.txt,2,2,49,8,0.8504123928067945,38
../res/worlds/large.txt,4,2,160,79,0.07113281022838525,48
../res/worlds/large.txt,4,2,160,79,0.10894720994895735,35
../res/worlds/large2.txt,6,2,160,66,0.41110721160634,18
../res/worlds/open.txt,2,2,25,0,0.8772456571693267,44
../res/worlds/world.txt,2,2,49,8,0.3391760770432021,13
../res/worlds/open.txt,2,2,25,0,0.38180995310005705,31
../res/worlds/large.txt,4,2,160,79,0.8218786792420787,40
../res/worlds/world1.txt,1,1,49,0,0.3826843178456606,37
../res/worlds/large2.txt,6,2,160,66,0.8786029154108723,23
../res/worlds/open.txt,2,2,25,0,0.2121550191831778,13
../res/worlds/large2.txt,6,2,160,66,0.878480642811644,46
../res/worlds/world1.txt,1,1,49,0,0.5739279065527546,38
../res/worlds/world.txt,2,2,49,8,0.14738622816544755,44
../res/worlds/world1.txt,1,1,49,0,0.6470370123821757,38
../res/worlds/open.txt,2,2,25,0,0.400195787710407,24
../res/worlds/large2.txt,6,2,160,66,0.35699913214988344,27
../res/worlds/world1.txt,1,1,49,0,0.9869346133427539,45
../res/worlds/large2.txt,6,2,160,66,0.8999887103290112,10
../res/worlds/open.txt,2,2,25,0,0.42552084155813397,24
../res/worlds/large2.txt,6,2,160,66,0.22660542433403852,20
../res/worlds/large2.txt,6,2,160,66,0.19872339154381924,18
../res/worlds/large2.txt,6,2,160,66,0.512249431239492,26
../res/worlds/world2.txt,1,2,49,9,0.5807841823359476,21
../res/worlds/world1.txt,1,1,49,0,0.5855724981079689,42
../res/worlds/world1.txt,1,1,49,0,0.4098579551496412,30
../res/worlds/world2.txt,1,2,49,9,0.9081224261424324,23
../res/worlds/world2.txt,1,2,49,9,0.7437961438774419,10
../res/worlds/world2.txt,1,2,49,9,0.40041717229279294,16
../res/worlds/world1.txt,1,1,49,0,0.803508366068542,23
../res/worlds/large2.txt,6,2,160,66,0.32973509880709395,29
../res/worlds/world2.txt,1,2,49,9,0.030090610545830843,35
../res/worlds/world1.txt,1,1,49,0,0.2625687546681267,32
../res/worlds/world.txt,2,2,49,8,0.07398848159755833,20
../res/worlds/large.txt,4,2,160,79,0.21624715421266916,47
../res/worlds/world.txt,2,2,49,8,0.8070797686205196,11
../res/worlds/world.txt,2,2,49,8,0.8554864522135085,35
../res/worlds/world.txt,2,2,49,8,0.28997682265489255,36
../res/worlds/open.txt,2,2,25,0,0.43885452312503637,35
../res/worlds/open.txt,2,2,25,0,0.4409315463879625,49
../res/worlds/large2.txt,6,2,160,66,0.22632041289692295,18
../res/worlds/world1.txt,1,1,49,0,0.595902608305649,49
../res/worlds/world2.txt,1,2,49,9,0.7838910212080795,11
../res/worlds/world2.txt,1,2,49,9,0.06780834558378535,31
../res/worlds/world.txt,2,2,49,8,0.25464400475202686,42
../res/worlds/large2.txt,6,2,160,66,0.28834015187449147,10
../res/worlds/open.txt,2,2,25,0,0.0664528874481709,38
../res/worlds/large.txt,4,2,160,79,0.04739577004369944,22
../res/worlds/world1.txt,1,1,49,0,0.3168963394249765,24
../res/worlds/world1.txt,1,1,49,0,0.29495608066643586,38
../res/worlds/world2.txt,1,2,49,9,0.7085983504423716,14
../res/worlds/large2.txt,6,2,160,66,0.09357748607050109,46
../res/worlds/world.txt,2,2,49,8,0.49484883696239623,16
../res/worlds/world2.txt,1,2,49,9,0.4655813422842907,29
../res/worlds/large.txt,4,2,160,79,0.8231061957900794,21
../res/worlds/world.txt,2,2,49,8,0.30784501442205003,34
../res/worlds/world1.txt,1,1,49,0,0.8145167281823013,48
../res/worlds/world.txt,2,2,49,8,0.21837351871182276,43
../res/worlds/world.txt,2,2,49,8,0.5550814317839979,15
../res/worlds/large2.txt,6,2,160,66,0.4376774088299078,40
../res/worlds/world1.txt,1,1,49,0,0.15588090412647304,33
../res/worlds/open.txt,2,2,25,0,0.15378094052775604,27
../res/worlds/world.txt,2,2,49,8,0.527499207522871,42
../res/worlds/large2.txt,6,2,160,66,0.4959342718994707,40
../res/worlds/world.txt,2,2,49,8,0.12392052216205729,10
../res/worlds/world.txt,2,2,49,8,0.23527892071296896,12
../res/worlds/world1.txt,1,1,49,0,0.03399635563357162,26
../res/worlds/large2.txt,6,2,160,66,0.7721184249895822,26
../res/worlds/open.txt,2,2,25,0,0.980330176091432,39
../res/worlds/large2.txt,6,2,160,66,0.8730279949568397,18
../res/worlds/large2.txt,6,2,160,66,0.28850895942100296,45
../res/worlds/large2.txt,6,2,160,66,0.6032488039267935,14
../res/worlds/world1.txt,1,1,49,0,0.4382889690067271,46
../res/worlds/world2.txt,1,2,49,9,0.8009191260730635,32
../res/worlds/world2.txt,1,2,49,9,0.3570362767257086,30
../res/worlds/open.txt,2,2,25,0,0.7661983150119862,12
../res/worlds/world1.txt,1,1,49,0,0.10371946572172441,43
../res/worlds/large.txt,4,2,160,79,0.6292224066566768,40
../res/worlds/world2.txt,1,2,49,9,0.8509184871671942,48
../res/worlds/world1.txt,1,1,49,0,0.5511786971876584,42
../res/worlds/large.txt,4,2,160,79,0.6327483981706594,25
../res/worlds/large2.txt,6,2,160,66,0.777371814381034,26
../res/worlds/world2.txt,1,2,49,9,0.7667772463568973,24
../res/worlds/large2.txt,6,2,160,66,0.3403255607951756,34
../res/worlds/open.txt,2,2,25,0,0.6113379637780411,49
../res/worlds/world1.txt,1,1,49,0,0.5893693271003659,16
../res/worlds/world2.txt,1,2,49,9,0.6272093835405615,50
../res/worlds/world2.txt,1,2,49,9,0.4635888086099357,30
../res/worlds/world.txt,2,2,49,8,0.919283762508185,38
../res/worlds/large2.txt,6,2,160,66,0.7801208561823632,42
../res/worlds/large2.txt,6,2,160,66,0.6730407540924098,16
../res/worlds/open.txt,2,2,25,0,0.47461373858945555,37
../res/worlds/open.txt,2,2,25,0,0.11365802613330345,10
../res/worlds/large2.txt,6,2,160,66,0.26309955202236057,21
../res/worlds/world1.txt,1,1,49,0,0.03579108803947473,50
../res/worlds/open.txt,2,2,25,0,0.5145646780571724,20
../res/worlds/open.txt,2,2,25,0,0.656702551403368,49
../res/worlds/world2.txt,1,2,49,9,0.2853206490584346,16
../res/worlds/open.txt,2,2,25,0,0.9268250203676341,16
../res/worlds/open.txt,2,2,25,0,0.01950176639935075,22
../res/worlds/world2.txt,1,2,49,9,0.22922644173737672,18
../res/worlds/large.txt,4,2,160,79,0.36099951013778286,28
../res/worlds/world1.txt,1,1,49,0,0.9765759195137248,26
../res/worlds/open.txt,2,2,25,0,0.8468722235494477,12
../res/worlds/world.txt,2,2,49,8,0.9325321839493184,42
../res/worlds/world1.txt,1,1,49,0,0.193628339559624,49
../res/worlds/world.txt,2,2,49,8,0.3751279704534828,14
../res/worlds/world2.txt,1,2,49,9,0.9779440626196829,18
../res/worlds/large2.txt,6,2,160,66,0.5322242617741348,16
../res/worlds/large2.txt,6,2,160,66,0.19923172067104322,50
../res/worlds/world.txt,2,2,49,8,0.300379316224649,49
../res/worlds/open.txt,2,2,25,0,0.8022181342327432,12
../res/worlds/open.txt,2,2,25,0,0.4064302653723608,10
../res/worlds/large.txt,4,2,160,79,0.9086541900921317,10
../res/worlds/open.txt,2,2,25,0,0.9968269477198908,43
../res/worlds/open.txt,2,2,25,0,0.27026443348012563,17
../res/worlds/world2.txt,1,2,49,9,0.6715566728000809,17
../res/worlds/world1.txt,1,1,49,0,0.4996206492114945,18
../res/worlds/world2.txt,1,2,49,9,0.11210235491896325,43
../res/worlds/world.txt,2,2,49,8,0.9242533842310386,46
../res/worlds/large2.txt,6,2,160,66,0.8334939262431869,11
../res/worlds/world.txt,2,2,49,8,0.9332400981588167,23
../res/worlds/world.txt,2,2,49,8,0.8899335054087686,35
../res/worlds/world1.txt,1,1,49,0,0.666277228105826,46
../res/worlds/world1.txt,1,1,49,0,0.6638792278109075,12
../res/worlds/large2.txt,6,2,160,66,0.8021538718851361,43
../res/worlds/world.txt,2,2,49,8,0.16039411296520867,13
../res/worlds/open.txt,2,2,25,0,0.7351820475293294,27
../res/worlds/large.txt,4,2,160,79,0.7007991590852887,16
../res/worlds/open.txt,2,2,25,0,0.9846959719703845,26
../res/worlds/world2.txt,1,2,49,9,0.7795679291010177,13
../res/worlds/world2.txt,1,2,49,9,0.049890982272123074,38
../res/worlds/world.txt,2,2,49,8,0.7273800508912395,18
../res/worlds/large.txt,4,2,160,79,0.1417202857759794,43
../res/worlds/large.txt,4,2,160,79,0.5717355676118084,28
../res/worlds/world2.txt,1,2,49,9,0.3773891833388009,40
../res/worlds/world1.txt,1,1,49,0,0.19780761880928233,14
../res/worlds/world.txt,2,2,49,8,0.39485744425760305,24
../res/worlds/large.txt,4,2,160,79,0.7685410839704683,34
../res/worlds/large2.txt,6,2,160,66,0.42774509715234643,29
../res/worlds/world2.txt,1,2,49,9,0.9019641502400045,14
../res/worlds/world.txt,2,2,49,8,0.11062232797368732,45
../res/worlds/large.txt,4,2,160,79,0.5973855950922661,19
../res/worlds/open.txt,2,2,25,0,0.1092925212915945,19
../res/worlds/world2.txt,1,2,49,9,0.5990798833489621,47
../res/worlds/open.txt,2,2,25,0,0.34693009138202313,42
../res/worlds/world2.txt,1,2,49,9,0.5979963385433111,32
../res/worlds/world2.txt,1,2,49,9,0.8361660949846845,42
../res/worlds/large2.txt,6,2,160,66,0.13364354102498843,46
../res/worlds/large.txt,4,2,160,79,0.987713628418116,38
../res/worlds/world2.txt,1,2,49,9,0.9463151203006314,16
../res/worlds/world2.txt,1,2,49,9,0.4874089828154442,42
../res/worlds/world1.txt,1,1,49,0,0.4310104281896878,35
../res/worlds/world.txt,2,2,49,8,0.08279823672455422,13
../res/worlds/large.txt,4,2,160,79,0.21337130435298501,11
../res/worlds/world.txt,2,2,49,8,0.49253267446858695,10
../res/worlds/world.txt,2,2,49,8,0.2827978578086947,47
../res/worlds/world.txt,2,2,49,8,0.4013144118016865,28
../res/worlds/large2.txt,6,2,160,66,0.9124522688727383,30
../res/worlds/world.txt,2,2,49,8,0.7168690522902418,41
../res/worlds/world1.txt,1,1,49,0,0.049391833190777557,23
../res/worlds/large2.txt,6,2,160,66,0.9847023372510199,49
../res/worlds/open.txt,2,2,25,0,0.33063466239732486,18
../res/worlds/world2.txt,1,2,49,9,0.3716093844862933,44
../res/worlds/world.txt,2,2,49,8,0.7853740673672014,21
../res/worlds/open.txt,2,2,25,0,0.7066958052624401,17
../res/worlds/large.txt,4,2,160,79,0.18703953809243068,17
../res/worlds/large2.txt,6,2,160,66,0.37091765195672133,42
../res/worlds/open.txt,2,2,25,0,0.09679308638264394,46
../res/worlds/open.txt,2,2,25,0,0.8101806668718761,44
../res/worlds/open.txt,2,2,25,0,0.1186550013192944,50
../res/worlds/world2.txt,1,2,49,9,0.2689958641223391,18
../res/worlds/open.txt,2,2,25,0,0.8845777641454604,28
../res/worlds/large2.txt,6,2,160,66,0.24813079507955338,42
../res/worlds/world.txt,2,2,49,8,0.5484498355205755,27
../res/worlds/world1.txt,1,1,49,0,0.797175812980927,31
../res/worlds/world.txt,2,2,49,8,0.2034938292607127,25
../res/worlds/large2.txt,6,2,160,66,0.17907818258699604,26
../res/worlds/large2.txt,6,2,160,66,0.35728427916115557,26
../res/worlds/world1.txt,1,1,49,0,0.4763516267905933,16
../res/worlds/world.txt,2,2,49,8,0.4771402245760916,28
../res/worlds/world.txt,2,2,49,8,0.20787399677250984,41
../res/worlds/open.txt,2,2,25,0,0.3338392959879951,21
../res/worlds/world2.txt,1,2,49,9,0.03254117488890251,20
../res/worlds/world2.txt,1,2,49,9,0.6144465869760855,15
../res/worlds/world2.txt,1,2,49,9,0.9714306366012558,26
../res/worlds/large2.txt,6,2,160,66,0.5149423343885053,42
../res/worlds/large2.txt,6,2,160,66,0.16135270829868964,32
../res/worlds/open.txt,2,2,25,0,0.9190177675370984,22
../res/worlds/large2.txt,6,2,160,66,0.13955298362188118,15
../res/worlds/open.txt,2,2,25,0,0.9014985238478653,23
../res/worlds/world1.txt,1,1,49,0,0.7666786444361843,28
../res/worlds/world2.txt,1,2,49,9,0.828788141799833,41
../res/worlds/world2.txt,1,2,49,9,0.283800304847746,26
../res/worlds/world1.txt,1,1,49,0,0.8558245986183827,17
../res/worlds/world1.txt,1,1,49,0,0.27894448902744073,45
../res/worlds/world1.txt,1,1,49,0,0.2143942716555053,42
../res/worlds/large.txt,4,2,160,79,0.19542613074507376,33
../res/worlds/large.txt,4,2,160,79,0.6325721992974006,36
../res/worlds/open.txt,2,2,25,0,0.881720118192908,21
../res/worlds/open.txt,2,2,25,0,0.7407197207658148,48
../res/worlds/world.txt,2,2,49,8,0.5353776699320626,14
../res/worlds/large2.txt,6,2,160,66,0.5119575575703006,22
../res/worlds/world1.txt,1,1,49,0,0.007802487089085153,41
../res/worlds/large2.txt,6,2,160,66,0.5742244138023319,15
../res/worlds/world1.txt,1,1,49,0,0.4226364076295017,47
../res/worlds/large.txt,4,2,160,79,0.4979090228903851,40
../res/worlds/large.txt,4,2,160,79,0.10601573192360436,21
../res/worlds/world1.txt,1,1,49,0,0.46723297486185367,21
../res/worlds/world2.txt,1,2,49,9,0.1032383496267979,44
../res/worlds/open.txt,2,2,25,0,0.04557043136754391,38
../res/worlds/world.txt,2,2,49,8,0.2473281597342758,48
../res/worlds/large2.txt,6,2,160,66,0.21881666057014781,33
../res/worlds/world1.txt,1,1,49,0,0.16094773982463084,40
../res/worlds/large2.txt,6,2,160,66,0.40347540759887757,20
../res/worlds/world.txt,2,2,49,8,0.6417229434731995,35
../res/worlds/world.txt,2,2,49,8,0.5739649036870658,17
../res/worlds/large.txt,4,2,160,79,0.5873613432361992,15
../res/worlds/open.txt,2,2,25,0,0.6828375018139899,24
../res/worlds/world1.txt,1,1,49,0,0.23568870266843578,33
../res/worlds/world.txt,2,2,49,8,0.04117795446514372,39
../res/worlds/world1.txt,1,1,49,0,0.9070743788001059,26
../res/worlds/world2.txt,1,2,49,9,0.7997305326616149,20
../res/worlds/world1.txt,1,1,49,0,0.2634993219090187,46
../res/worlds/world2.txt,1,2,49,9,0.9967866477143444,10
../res/worlds/large.txt,4,2,160,79,0.1547854363640785,33
../res/worlds/world1.txt,1,1,49,0,0.09561808681059547,28
../res/worlds/large.txt,4,2,160,79,0.39030035129924756,22
../res/worlds/world2.txt,1,2,49,9,0.5081850783776368,22
../res/worlds/world2.txt,1,2,49,9,0.2510325392665942,15
../res/worlds/world.txt,2,2,49,8,0.9422210349104776,17
../res/worlds/large.txt,4,2,160,79,0.3256751811091294,46
../res/worlds/world.txt,2,2,49,8,0.5644279767786988,12
../res/worlds/world2.txt,1,2,49,9,0.2530524867559423,37
../res/worlds/world1.txt,1,1,49,0,0.06696620405046005,12
../res/worlds/open.txt,2,2,25,0,0.9939660116830739,10
../res/worlds/world1.txt,1,1,49,0,0.5728115239390659,41
../res/worlds/world.txt,2,2,49,8,0.2437290665627766,45
../res/worlds/open.txt,2,2,25,0,0.4971575534055984,22
../res/worlds/world.txt,2,2,49,8,0.03557455677693211,27
../res/worlds/world2.txt,1,2,49,9,0.11664641499092065,18
../res/worlds/world.txt,2,2,49,8,0.2163370413324993,14
../res/worlds/world.txt,2,2,49,8,0.7287739826743195,44
../res/worlds/open.txt,2,2,25,0,0.9865102316740958,29
../res/worlds/large.txt,4,2,160,79,0.26277733833480466,32
../res/worlds/world.txt,2,2,49,8,0.5157340894682853,15
../res/worlds/world.txt,2,2,49,8,0.1579074957902299,38
../res/worlds/large2.txt,6,2,160,66,0.38289425351009876,15
../res/worlds/world.txt,2,2,49,8,0.8287932554216292,26
../res/worlds/world.txt,2,2,49,8,0.4158658556923076,39
../res/worlds/open.txt,2,2,25,0,0.8737354048824707,39
../res/worlds/large.txt,4,2,160,79,0.2212843018924242,20
../res/worlds/world.txt,2,2,49,8,0.7746575934601937,16
../res/worlds/world1.txt,1,1,49,0,0.31145762553922207,36
../res/worlds/world.txt,2,2,49,8,0.2858012854804155,48
../res/worlds/world1.txt,1,1,49,0,0.20592631008143125,28
../res/worlds/world1.txt,1,1,49,0,0.9201937515075722,14
../res/worlds/large2.txt,6,2,160,66,0.3818268015871846,36
../res/worlds/world2.txt,1,2,49,9,0.9335099664046167,28
../res/worlds/world1.txt,1,1,49,0,0.2107534357717299,31
../res/worlds/world2.txt,1,2,49,9,0.22401773282418824,20
../res/worlds/open.txt,2,2,25,0,0.5874179320283861,13
../res/worlds/large.txt,4,2,160,79,0.19712603887803037,24
../res/worlds/world.txt,2,2,49,8,0.46974749490759427,37
../res/worlds/world1.txt,1,1,49,0,0.855653071676885,45
../res/worlds/open.txt,2,2,25,0,0.48368661411239133,48
../res/worlds/large.txt,4,2,160,79,0.4002164427287328,24
../res/worlds/world2.txt,1,2,49,9,0.21808557988899802,27
../res/worlds/world.txt,2,2,49,8,0.18129461516623702,46
../res/worlds/world.txt,2,2,49,8,0.60250348808728,27
../res/worlds/open.txt,2,2,25,0,0.6777416571091623,36
../res/worlds/large2.txt,6,2,160,66,0.43795222766742414,11
../res/worlds/world.txt,2,2,49,8,0.7504111687739886,29
../res/worlds/world1.txt,1,1,49,0,0.6963962791501868,21
../res/worlds/large2.txt,6,2,160,66,0.48754846820118347,23
../res/worlds/world2.txt,1,2,49,9,0.5914059362546483,15
../res/worlds/large.txt,4,2,160,79,0.34965004844181435,14
../res/worlds/large2.txt,6,2,160,66,0.8296586144517516,50
../res/worlds/world2.txt,1,2,49,9,0.7330559530828811,29
../res/worlds/large2.txt,6,2,160,66,0.8647086064484977,49
../res/worlds/world.txt,2,2,49,8,0.9776094883914651,45
../res/worlds/large.txt,4,2,160,79,0.26451986305853104,26
../res/worlds/large.txt,4,2,160,79,0.3815876426399605,43
../res/worlds/large.txt,4,2,160,79,0.40492030098074727,12
../res/worlds/world1.txt,1,1,49,0,0.8094068507117921,17
../res/worlds/large2.txt,6,2,160,66,0.83857339446412,48
../res/worlds/large2.txt,6,2,160,66,0.8714226609641077,34
../res/worlds/large2.txt,6,2,160,66,0.6876494432421744,28
../res/worlds/large.txt,4,2,160,79,0.12168873857970519,25
../res/worlds/large.txt,4,2,160,79,0.46422108767242143,22
../res/worlds/large.txt,4,2,160,79,0.8031064663511218,30
../res/worlds/large2.txt,6,2,160,66,0.9437492558432221,38
../res/worlds/world1.txt,1,1,49,0,0.20598105320804405,22
../res/worlds/world.txt,2,2,49,8,0.03990234374942714,24
../res/worlds/world1.txt,1,1,49,0,0.6909347204433544,37
../res/worlds/large2.txt,6,2,160,66,0.09639959508632945,47
../res/worlds/large.txt,4,2,160,79,0.10418347466127775,26
../res/worlds/world2.txt,1,2,49,9,0.6406559436627727,30
../res/worlds/world1.txt,1,1,49,0,0.8496197897042203,42
../res/worlds/world.txt,2,2,49,8,0.8002285527475181,34
../res/worlds/world1.txt,1,1,49,0,0.31574337176067535,10
../res/worlds/world1.txt,1,1,49,0,0.9886192385696729,14
../res/worlds/large2.txt,6,2,160,66,0.9921894620663123,42
../res/worlds/world.txt,2,2,49,8,0.27360157426090437,28
../res/worlds/world.txt,2,2,49,8,0.45944317358573306,32
../res/worlds/world2.txt,1,2,49,9,0.25759665372798535,36
../res/worlds/world2.txt,1,2,49,9,0.7511079463032151,42
../res/worlds/large2.txt,6,2,160,66,0.06292741714863437,42
../res/worlds/large2.txt,6,2,160,66,0.4947850403275519,28
../res/worlds/world.txt,2,2,49,8,0.8697761832030417,22
../res/worlds/large.txt,4,2,160,79,0.05575661792532616,15
../res/worlds/world2.txt,1,2,49,9,0.1333234540743906,36
../res/worlds/large.txt,4,2,160,79,0.7344277425080873,45
../res/worlds/large2.txt,6,2,160,66,0.9288353577104083,16
../res/worlds/world.txt,2,2,49,8,0.06106681816722204,27
../res/worlds/world1.txt,1,1,49,0,0.7058828649928687,13
../res/worlds/world1.txt,1,1,49,0,0.603456596321798,44
../res/worlds/large2.txt,6,2,160,66,0.7450221135221531,44
../res/worlds/large.txt,4,2,160,79,0.7422051539500848,41
../res/worlds/open.txt,2,2,25,0,0.4372711077008128,42
../res/worlds/open.txt,2,2,25,0,0.8269508001243399,33
../res/worlds/world2.txt,1,2,49,9,0.40515446299277513,16
../res/worlds/large2.txt,6,2,160,66,0.45555393525046495,27
../res/worlds/world2.txt,1,2,49,9,0.3786603361969819,39
../res/worlds/large2.txt,6,2,160,66,0.814282655258672,47
../res/worlds/large2.txt,6,2,160,66,0.6702986264635818,35
../res/worlds/open.txt,2,2,25,0,0.2507121424320846,40
../res/worlds/world.txt,2,2,49,8,0.9844948094249879,37
../res/worlds/large2.txt,6,2,160,66,0.6531664108235194,40
../res/worlds/world2.txt,1,2,49,9,0.4821010741407493,41
../res/worlds/world1.txt,1,1,49,0,0.58255294756397,20
../res/worlds/world.txt,2,2,49,8,0.46757224098897976,30
../res/worlds/world1.txt,1,1,49,0,0.9062550300079967,33
../res/worlds/world1.txt,1,1,49,0,0.47166353572482866,49
../res/worlds/world1.txt,1,1,49,0,0.35377283636710133,34
../res/worlds/world.txt,2,2,49,8,0.21157201766627842,49
../res/worlds/large2.txt,6,2,160,66,0.8996297354612309,14
../res/worlds/large.txt,4,2,160,79,0.5838640491625948,47
../res/worlds/large2.txt,6,2,160,66,0.12034803650575165,33
../res/worlds/large.txt,4,2,160,79,0.7063254247850348,42
../res/worlds/world2.txt,1,2,49,9,0.8698966171183503,18
../res/worlds/world.txt,2,2,49,8,0.5242563391136565,45
../res/worlds/large.txt,4,2,160,79,0.02201377828709916,42
../res/worlds/world1.txt,1,1,49,0,0.6812552635801683,23
../res/worlds/world1.txt,1,1,49,0,0.46770954649597896,21
../res/worlds/world1.txt,1,1,49,0,0.627826284998401,35
../res/worlds/world.txt,2,2,49,8,0.09285833566691681,42
../res/worlds/large.txt,4,2,160,79,0.27488284017826925,32
../res/worlds/world1.txt,1,1,49,0,0.8380260705107284,27
../res/worlds/world1.txt,1,1,49,0,0.0867297577426478,16
../res/worlds/world1.txt,1,1,49,0,0.25851106710053584,46
../res/worlds/open.txt,2,2,25,0,0.20277415463781856,16
../res/worlds/world2.txt,1,2,49,9,0.04890426564589179,35
../res/worlds/open.txt,2,2,25,0,0.3024719131122482,12
../res/worlds/open.txt,2,2,25,0,0.3702456602737557,19
../res/worlds/large.txt,4,2,160,79,0.40827944839042596,50
../res/worlds/open.txt,2,2,25,0,0.97899462660354,39
../res/worlds/open.txt,2,2,25,0,0.6157094598080454,21
../res/worlds/open.txt,2,2,25,0,0.5900456425513715,39
../res/worlds/world.txt,2,2,49,8,0.9146893972737677,19
../res/worlds/world1.txt,1,1,49,0,0.13323957753797577,27
../res/worlds/world.txt,2,2,49,8,0.7178678085600771,18
../res/worlds/world.txt,2,2,49,8,0.8087636004076901,40
../res/worlds/world2.txt,1,2,49,9,0.4630728216042883,46
../res/worlds/open.txt,2,2,25,0,0.8247343198739548,14
../res/worlds/world2.txt,1,2,49,9,0.5525775000672091,26
../res/worlds/world1.txt,1,1,49,0,0.20939708582891192,23
../res/worlds/large.txt,4,2,160,79,0.5230860626308731,15
../res/worlds/world.txt,2,2,49,8,0.9885093858275333,26
../res/worlds/open.txt,2,2,25,0,0.2385315479100617,41
../res/worlds/world.txt,2,2,49,8,0.23433698534998026,16
../res/worlds/open.txt,2,2,25,0,0.9009325634087328,30
../res/worlds/large2.txt,6,2,160,66,0.7009244483092882,48
../res/worlds/open.txt,2,2,25,0,0.20072424447358983,16
../res/worlds/large.txt,4,2,160,79,0.5482216655239434,20
../res/worlds/large.txt,4,2,160,79,0.617677480384325,25
../res/worlds/large.txt,4,2,160,79,0.09224665272626598,33
../res/worlds/large2.txt,6,2,160,66,0.49162765103361816,18
../res/worlds/world2.txt,1,2,49,9,0.9414533168496535,11
../res/worlds/large.txt,4,2,160,79,0.8667196102980324,14
../res/worlds/large2.txt,6,2,160,66,0.6084489632468904,17
../res/worlds/large.txt,4,2,160,79,0.10565532958693225,49
../res/worlds/large.txt,4,2,160,79,0.45769669108998556,15
../res/worlds/large2.txt,6,2,160,66,0.8021840671218236,44
../res/worlds/large.txt,4,2,160,79,0.525898834363606,24
../res/worlds/world1.txt,1,1,49,0,0.01995153624829704,19
../res/worlds/open.txt,2,2,25,0,0.37025354868629046,27
../res/worlds/world.txt,2,2,49,8,0.9847416636041795,13
../res/worlds/world1.txt,1,1,49,0,0.21714107297483742,43
../res/worlds/large.txt,4,2,160,79,0.2013495908613534,40
../res/worlds/world1.txt,1,1,49,0,0.3901784887011064,41
../res/worlds/large.txt,4,2,160,79,0.30425324512426966,41
../res/worlds/large2.txt,6,2,160,66,0.33671228041149504,32
../res/worlds/open.txt,2,2,25,0,0.9711248335085961,49
../res/worlds/open.txt,2,2,25,0,0.6807230986576117,28
../res/worlds/world2.txt,1,2,49,9,0.0791401789772821,46
../res/worlds/large.txt,4,2,160,79,0.6678249110067231,38
../res/worlds/large.txt,4,2,160,79,0.41666585916323085,11
../res/worlds/open.txt,2,2,25,0,0.8369516802615447,43
../res/worlds/world1.txt,1,1,49,0,0.06750376241664868,33
../res/worlds/large2.txt,6,2,160,66,0.8900863449474421,15
../res/worlds/large2.txt,6,2,160,66,0.2988686365313157,14
../res/worlds/large.txt,4,2,160,79,0.7482810838668358,49
../res/worlds/open.txt,2,2,25,0,0.8405295031675926,15
../res/worlds/large.txt,4,2,160,79,0.4993598183723671,44
../res/worlds/world2.txt,1,2,49,9,0.9735909463553971,16
../res/worlds/open.txt,2,2,25,0,0.11938192043625251,46
../res/worlds/world.txt,2,2,49,8,0.8669755575116174,21
../res/worlds/open.txt,2,2,25,0,0.7105818578794207,23
../res/worlds/large2.txt,6,2,160,66,0.06429826789181137,40
../res/worlds/large.txt,4,2,160,79,0.38079006654704883,45
../res/worlds/world2.txt,1,2,49,9,0.2950512274842788,24
../res/worlds/large.txt,4,2,160,79,0.8133410977429962,21
../res/worlds/world2.txt,1,2,49,9,0.14184546317985636,20
../res/worlds/large.txt,4,2,160,79,0.21203360787549008,10
../res/worlds/large2.txt,6,2,160,66,0.8080801173670885,14
../res/worlds/world.txt,2,2,49,8,0.5485952872484721,49
../res/worlds/large2.txt,6,2,160,66,0.9523773519771607,21
../res/worlds/world.txt,2,2,49,8,0.9652719123967989,34
../res/worlds/open.txt,2,2,25,0,0.21193587622626342,34
../res/worlds/world.txt,2,2,49,8,0.5133923291793351,49
../res/worlds/open.txt,2,2,25,0,0.24909721994590894,22
../res/worlds/large.txt,4,2,160,79,0.6165958645980606,32
../res/worlds/large.txt,4,2,160,79,0.19021029234388642,21
../res/worlds/open.txt,2,2,25,0,0.330094835317718,26
../res/worlds/large.txt,4,2,160,79,0.18638883483934987,43
../res/worlds/open.txt,2,2,25,0,0.032554334255355144,19
../res/worlds/world1.txt,1,1,49,0,0.25736486671623804,23
../res/worlds/world2.txt,1,2,49,9,0.7844231983966333,11
../res/worlds/large.txt,4,2,160,79,0.0472180526173277,45
../res/worlds/world.txt,2,2,49,8,0.6298878681603958,19
../res/worlds/world.txt,2,2,49,8,0.1937724395436783,21
../res/worlds/world1.txt,1,1,49,0,0.28422389070353726,24
../res/worlds/open.txt,2,2,25,0,0.8235878210602122,25
../res/worlds/large2.txt,6,2,160,66,0.43204116531681314,11
../res/worlds/world2.txt,1,2,49,9,0.47027274069750824,46
../res/worlds/world.txt,2,2,49,8,0.4209568906467108,15
../res/worlds/world1.txt,1,1,49,0,0.4093964038011185,25
../res/worlds/large2.txt,6,2,160,66,0.22542424657593385,15
../res/worlds/large2.txt,6,2,160,66,0.06115209073826455,17
../res/worlds/large.txt,4,2,160,79,0.4908528350000039,34
../res/worlds/large2.txt,6,2,160,66,0.3867088370434515,18
../res/worlds/open.txt,2,2,25,0,0.7366357759418393,21
../res/worlds/world.txt,2,2,49,8,0.49793192400342,23
../res/worlds/world1.txt,1,1,49,0,0.6487504870242343,17
../res/worlds/world2.txt,1,2,49,9,0.043172931480606414,23
../res/worlds/world1.txt,1,1,49,0,0.5800572450363926,28
../res/worlds/world1.txt,1,1,49,0,0.4996034851392871,49
../res/worlds/large.txt,4,2,160,79,0.5367941702673543,45
../res/worlds/large2.txt,6,2,160,66,0.2054084396144389,33
../res/worlds/open.txt,2,2,25,0,0.46923919125673674,47
../res/worlds/world2.txt,1,2,49,9,0.3935538915424138,45
../res/worlds/world1.txt,1,1,49,0,0.5028503297359118,37
../res/worlds/open.txt,2,2,25,0,0.2247407581418318,45
../res/worlds/open.txt,2,2,25,0,0.9143248686196159,27
../res/worlds/open.txt,2,2,25,0,0.25917004394853693,18
../res/worlds/large2.txt,6,2,160,66,0.5632052701530775,29
../res/worlds/world.txt,2,2,49,8,0.8373010999814691,18
